Switch Name,IP Address,Client Name
sw1Quito,10.1.1.1,corporacionfavoritaquito
sw1Quito,10.1.1.1,lafabrilquito
sw1Quito,10.1.1.1,industriaslacteastoniquito
sw1Quito,10.1.1.1,produbancogrupopromericaquito
sw1Quito,10.1.1.1,lafabrilquito1
sw1Quito,10.1.1.1,nirsasaquito
sw1Quito,10.1.1.1,dulcafequito
sw1Quito,10.1.1.1,pacariquito
sw2Guayaquil,10.2.2.1,holcimguayaquil
sw2Guayaquil,10.2.2.1,corporacionfavoritaguayaquil
sw2Guayaquil,10.2.2.1,corporacionelrosadoguayaquil
sw2Guayaquil,10.2.2.1,modernaalimentosguayaquil
sw2Guayaquil,10.2.2.1,industriaslacteastoniguayaquil
sw2Guayaquil,10.2.2.1,tiaguayaquil
sw2Guayaquil,10.2.2.1,dulcafeguayaquil
sw2Guayaquil,10.2.2.1,consorcionobisguayaquil
sw3Cuenca,10.3.3.1,bancoguayaquilcuenca
sw3Cuenca,10.3.3.1,cervecerianacionalcuenca
sw3Cuenca,10.3.3.1,lafabrilcuenca
sw3Cuenca,10.3.3.1,produbancogrupopromericacuenca
sw3Cuenca,10.3.3.1,consorcionobiscuenca
sw3Cuenca,10.3.3.1,holcimcuenca
sw3Cuenca,10.3.3.1,cocacolacuenca
sw3Cuenca,10.3.3.1,dulcafecuenca
sw3Cuenca,10.3.3.1,pacaricuenca
sw4SantoDomingo,10.4.4.1,cervecerianacionalsantodomingo
sw4SantoDomingo,10.4.4.1,corporacionfavoritasantodomingo
sw4SantoDomingo,10.4.4.1,produbancogrupopromericasantodomingo
sw4SantoDomingo,10.4.4.1,bancopichinchasantodomingo
sw4SantoDomingo,10.4.4.1,corporacionelrosadosantodomingo
sw4SantoDomingo,10.4.4.1,cervecerianacionalsantodomingo1
sw4SantoDomingo,10.4.4.1,pronacasantodomingo
sw4SantoDomingo,10.4.4.1,tiasantodomingo
sw5Machala,10.5.5.1,dulcafemachala
sw5Machala,10.5.5.1,tiamachala
sw5Machala,10.5.5.1,lafabrilmachala
sw5Machala,10.5.5.1,corporacionelrosadomachala
sw5Machala,10.5.5.1,corporacionfavoritamachala
sw5Machala,10.5.5.1,modernaalimentosmachala
sw5Machala,10.5.5.1,holcimmachala
sw5Machala,10.5.5.1,lafabrilmachala1
sw5Machala,10.5.5.1,dulcafemachala1
sw6Manta,10.6.6.1,produbancogrupopromericamanta
sw6Manta,10.6.6.1,consorcionobismanta
sw6Manta,10.6.6.1,bancopichinchamanta
sw6Manta,10.6.6.1,nestlemanta
sw6Manta,10.6.6.1,industriaslacteastonimanta
sw6Manta,10.6.6.1,corporacionelrosadomanta
sw6Manta,10.6.6.1,dulcafemanta
sw6Manta,10.6.6.1,consorcionobismanta1
sw7Ambato,10.7.7.1,bancoguayaquilambato
sw7Ambato,10.7.7.1,grupodifareambato
sw7Ambato,10.7.7.1,industriaslacteastoniambato
sw7Ambato,10.7.7.1,bancoguayaquilambato1
sw7Ambato,10.7.7.1,nirsasaambato
sw7Ambato,10.7.7.1,consorcionobisambato
sw7Ambato,10.7.7.1,consorcionobisambato1
sw7Ambato,10.7.7.1,industriaslacteastoniambato1
sw7Ambato,10.7.7.1,corporacionfavoritaambato
sw8Loja,10.8.8.1,bancopichinchaloja
sw8Loja,10.8.8.1,corporacionelrosadoloja
sw8Loja,10.8.8.1,nirsasaloja
sw8Loja,10.8.8.1,arcacontinentalloja
sw8Loja,10.8.8.1,bancoguayaquilloja
sw8Loja,10.8.8.1,cervecerianacionalloja
sw8Loja,10.8.8.1,modernaalimentosloja
sw8Loja,10.8.8.1,bancopichinchaloja1
sw8Loja,10.8.8.1,pacariloja
sw8Loja,10.8.8.1,grupodifareloja
sw9Portoviejo,10.9.9.1,dulcafeportoviejo
sw9Portoviejo,10.9.9.1,corporacionfavoritaportoviejo
sw9Portoviejo,10.9.9.1,lafabrilportoviejo
sw9Portoviejo,10.9.9.1,dulcafeportoviejo1
sw9Portoviejo,10.9.9.1,bancoguayaquilportoviejo
sw9Portoviejo,10.9.9.1,lafabrilportoviejo1
sw9Portoviejo,10.9.9.1,produbancogrupopromericaportoviejo
sw9Portoviejo,10.9.9.1,lafabrilportoviejo2
sw9Portoviejo,10.9.9.1,bancopichinchaportoviejo
sw9Portoviejo,10.9.9.1,cocacolaportoviejo
sw10Esmeraldas,10.10.10.1,corporacionelrosadoesmeraldas
sw10Esmeraldas,10.10.10.1,modernaalimentosesmeraldas
sw10Esmeraldas,10.10.10.1,nestleesmeraldas
sw10Esmeraldas,10.10.10.1,tiaesmeraldas
sw10Esmeraldas,10.10.10.1,consorcionobisesmeraldas
sw10Esmeraldas,10.10.10.1,cocacolaesmeraldas
sw10Esmeraldas,10.10.10.1,grupodifareesmeraldas
sw10Esmeraldas,10.10.10.1,lafabrilesmeraldas
sw10Esmeraldas,10.10.10.1,pronacaesmeraldas
sw11Riobamba,10.11.11.1,grupodifareriobamba
sw11Riobamba,10.11.11.1,nirsasariobamba
sw11Riobamba,10.11.11.1,corporacionfavoritariobamba
sw11Riobamba,10.11.11.1,consorcionobisriobamba
sw11Riobamba,10.11.11.1,lafabrilriobamba
sw11Riobamba,10.11.11.1,pacaririobamba
sw11Riobamba,10.11.11.1,bancoguayaquilriobamba
sw11Riobamba,10.11.11.1,consorcionobisriobamba1
sw11Riobamba,10.11.11.1,cervecerianacionalriobamba
sw12Ibarra,10.12.12.1,corporacionelrosadoibarra
sw12Ibarra,10.12.12.1,pacariibarra
sw12Ibarra,10.12.12.1,holcimibarra
sw12Ibarra,10.12.12.1,nestleibarra
sw12Ibarra,10.12.12.1,bancoguayaquilibarra
sw12Ibarra,10.12.12.1,corporacionfavoritaibarra
sw12Ibarra,10.12.12.1,dulcafeibarra
sw12Ibarra,10.12.12.1,pacariibarra1
sw12Ibarra,10.12.12.1,consorcionobisibarra
sw12Ibarra,10.12.12.1,nirsasaibarra
sw13Tulcan,10.13.13.1,bancopichinchatulcan
sw13Tulcan,10.13.13.1,bancopichinchatulcan1
sw13Tulcan,10.13.13.1,pronacatulcan
sw13Tulcan,10.13.13.1,lafabriltulcan
sw13Tulcan,10.13.13.1,industriaslacteastonitulcan
sw13Tulcan,10.13.13.1,cocacolatulcan
sw13Tulcan,10.13.13.1,nirsasatulcan
sw13Tulcan,10.13.13.1,corporacionfavoritatulcan
sw13Tulcan,10.13.13.1,dulcafetulcan
sw13Tulcan,10.13.13.1,cocacolatulcan1
sw14Quevedo,10.14.14.1,nirsasaquevedo
sw14Quevedo,10.14.14.1,consorcionobisquevedo
sw14Quevedo,10.14.14.1,bancoguayaquilquevedo
sw14Quevedo,10.14.14.1,dulcafequevedo
sw14Quevedo,10.14.14.1,produbancogrupopromericaquevedo
sw14Quevedo,10.14.14.1,nirsasaquevedo1
sw14Quevedo,10.14.14.1,industriaslacteastoniquevedo
sw14Quevedo,10.14.14.1,pacariquevedo
sw14Quevedo,10.14.14.1,arcacontinentalquevedo
sw15Latacunga,10.15.15.1,lafabrillatacunga
sw15Latacunga,10.15.15.1,tialatacunga
sw15Latacunga,10.15.15.1,nestlelatacunga
sw15Latacunga,10.15.15.1,pacarilatacunga
sw15Latacunga,10.15.15.1,pacarilatacunga1
sw15Latacunga,10.15.15.1,nestlelatacunga1
sw15Latacunga,10.15.15.1,consorcionobislatacunga
sw15Latacunga,10.15.15.1,bancoguayaquillatacunga
sw15Latacunga,10.15.15.1,cervecerianacionallatacunga
sw15Latacunga,10.15.15.1,consorcionobislatacunga1
sw16Chone,10.16.16.1,nirsasachone
sw16Chone,10.16.16.1,tiachone
sw16Chone,10.16.16.1,dulcafechone
sw16Chone,10.16.16.1,dulcafechone1
sw16Chone,10.16.16.1,cervecerianacionalchone
sw16Chone,10.16.16.1,grupodifarechone
sw16Chone,10.16.16.1,modernaalimentoschone
sw16Chone,10.16.16.1,industriaslacteastonichone
sw16Chone,10.16.16.1,modernaalimentoschone1
sw17Duran,10.17.17.1,corporacionfavoritaduran
sw17Duran,10.17.17.1,cervecerianacionalduran
sw17Duran,10.17.17.1,tiaduran
sw17Duran,10.17.17.1,tiaduran1
sw17Duran,10.17.17.1,grupodifareduran
sw17Duran,10.17.17.1,industriaslacteastoniduran
sw17Duran,10.17.17.1,pronacaduran
sw17Duran,10.17.17.1,corporacionfavoritaduran1
sw17Duran,10.17.17.1,industriaslacteastoniduran1
sw17Duran,10.17.17.1,dulcafeduran
sw18Loja,10.18.18.1,pacariloja1
sw18Loja,10.18.18.1,cocacolaloja
sw18Loja,10.18.18.1,corporacionelrosadoloja1
sw18Loja,10.18.18.1,nestleloja
sw18Loja,10.18.18.1,tialoja
sw18Loja,10.18.18.1,tialoja1
sw18Loja,10.18.18.1,pronacaloja
sw18Loja,10.18.18.1,produbancogrupopromericaloja
sw18Loja,10.18.18.1,holcimloja
sw18Loja,10.18.18.1,modernaalimentosloja1
sw19Salinas,10.19.19.1,modernaalimentossalinas
sw19Salinas,10.19.19.1,nestlesalinas
sw19Salinas,10.19.19.1,cervecerianacionalsalinas
sw19Salinas,10.19.19.1,cocacolasalinas
sw19Salinas,10.19.19.1,bancopichinchasalinas
sw19Salinas,10.19.19.1,corporacionfavoritasalinas
sw19Salinas,10.19.19.1,consorcionobissalinas
sw19Salinas,10.19.19.1,nirsasasalinas
sw20Babahoyo,10.20.20.1,bancopichinchababahoyo
sw20Babahoyo,10.20.20.1,holcimbabahoyo
sw20Babahoyo,10.20.20.1,pronacababahoyo
sw20Babahoyo,10.20.20.1,bancopichinchababahoyo1
sw20Babahoyo,10.20.20.1,nirsasababahoyo
sw20Babahoyo,10.20.20.1,modernaalimentosbabahoyo
sw20Babahoyo,10.20.20.1,dulcafebabahoyo
sw20Babahoyo,10.20.20.1,corporacionfavoritababahoyo
sw20Babahoyo,10.20.20.1,dulcafebabahoyo1
sw20Babahoyo,10.20.20.1,pronacababahoyo1
sw21Quito,10.1.21.1,consorcionobisquito
sw21Quito,10.1.21.1,bancopichinchaquito
sw21Quito,10.1.21.1,grupodifarequito
sw21Quito,10.1.21.1,grupodifarequito1
sw21Quito,10.1.21.1,modernaalimentosquito
sw21Quito,10.1.21.1,grupodifarequito2
sw21Quito,10.1.21.1,cervecerianacionalquito
sw21Quito,10.1.21.1,arcacontinentalquito
sw22Guayaquil,10.2.22.1,lafabrilguayaquil
sw22Guayaquil,10.2.22.1,cervecerianacionalguayaquil
sw22Guayaquil,10.2.22.1,pronacaguayaquil
sw22Guayaquil,10.2.22.1,industriaslacteastoniguayaquil1
sw22Guayaquil,10.2.22.1,consorcionobisguayaquil1
sw22Guayaquil,10.2.22.1,cervecerianacionalguayaquil1
sw22Guayaquil,10.2.22.1,nirsasaguayaquil
sw22Guayaquil,10.2.22.1,corporacionelrosadoguayaquil1
sw22Guayaquil,10.2.22.1,tiaguayaquil1
sw22Guayaquil,10.2.22.1,dulcafeguayaquil1
sw23Cuenca,10.3.23.1,tiacuenca
sw23Cuenca,10.3.23.1,nirsasacuenca
sw23Cuenca,10.3.23.1,consorcionobiscuenca1
sw23Cuenca,10.3.23.1,tiacuenca1
sw23Cuenca,10.3.23.1,nirsasacuenca1
sw23Cuenca,10.3.23.1,corporacionfavoritacuenca
sw23Cuenca,10.3.23.1,consorcionobiscuenca2
sw23Cuenca,10.3.23.1,modernaalimentoscuenca
sw24SantoDomingo,10.4.24.1,nestlesantodomingo
sw24SantoDomingo,10.4.24.1,nestlesantodomingo1
sw24SantoDomingo,10.4.24.1,consorcionobissantodomingo
sw24SantoDomingo,10.4.24.1,bancopichinchasantodomingo1
sw24SantoDomingo,10.4.24.1,modernaalimentossantodomingo
sw24SantoDomingo,10.4.24.1,nestlesantodomingo2
sw24SantoDomingo,10.4.24.1,corporacionfavoritasantodomingo1
sw24SantoDomingo,10.4.24.1,bancopichinchasantodomingo2
sw24SantoDomingo,10.4.24.1,industriaslacteastonisantodomingo
sw24SantoDomingo,10.4.24.1,grupodifaresantodomingo
sw25Machala,10.5.25.1,produbancogrupopromericamachala
sw25Machala,10.5.25.1,consorcionobismachala
sw25Machala,10.5.25.1,corporacionfavoritamachala1
sw25Machala,10.5.25.1,produbancogrupopromericamachala1
sw25Machala,10.5.25.1,lafabrilmachala2
sw25Machala,10.5.25.1,corporacionelrosadomachala1
sw25Machala,10.5.25.1,nirsasamachala
sw25Machala,10.5.25.1,industriaslacteastonimachala
sw25Machala,10.5.25.1,corporacionelrosadomachala2
sw26Manta,10.6.26.1,bancoguayaquilmanta
sw26Manta,10.6.26.1,lafabrilmanta
sw26Manta,10.6.26.1,tiamanta
sw26Manta,10.6.26.1,grupodifaremanta
sw26Manta,10.6.26.1,dulcafemanta1
sw26Manta,10.6.26.1,lafabrilmanta1
sw26Manta,10.6.26.1,bancoguayaquilmanta1
sw26Manta,10.6.26.1,arcacontinentalmanta
sw26Manta,10.6.26.1,lafabrilmanta2
sw27Ambato,10.7.27.1,grupodifareambato1
sw27Ambato,10.7.27.1,consorcionobisambato2
sw27Ambato,10.7.27.1,dulcafeambato
sw27Ambato,10.7.27.1,cocacolaambato
sw27Ambato,10.7.27.1,cocacolaambato1
sw27Ambato,10.7.27.1,lafabrilambato
sw27Ambato,10.7.27.1,grupodifareambato2
sw27Ambato,10.7.27.1,corporacionelrosadoambato
sw28Loja,10.8.28.1,pacariloja2
sw28Loja,10.8.28.1,cocacolaloja1
sw28Loja,10.8.28.1,tialoja2
sw28Loja,10.8.28.1,corporacionfavoritaloja
sw28Loja,10.8.28.1,industriaslacteastoniloja
sw28Loja,10.8.28.1,cervecerianacionalloja1
sw28Loja,10.8.28.1,arcacontinentalloja1
sw28Loja,10.8.28.1,cocacolaloja2
sw29Portoviejo,10.9.29.1,lafabrilportoviejo3
sw29Portoviejo,10.9.29.1,bancopichinchaportoviejo1
sw29Portoviejo,10.9.29.1,pacariportoviejo
sw29Portoviejo,10.9.29.1,modernaalimentosportoviejo
sw29Portoviejo,10.9.29.1,produbancogrupopromericaportoviejo1
sw29Portoviejo,10.9.29.1,arcacontinentalportoviejo
sw29Portoviejo,10.9.29.1,grupodifareportoviejo
sw29Portoviejo,10.9.29.1,industriaslacteastoniportoviejo
sw29Portoviejo,10.9.29.1,corporacionfavoritaportoviejo1
sw30Esmeraldas,10.10.30.1,cervecerianacionalesmeraldas
sw30Esmeraldas,10.10.30.1,holcimesmeraldas
sw30Esmeraldas,10.10.30.1,grupodifareesmeraldas1
sw30Esmeraldas,10.10.30.1,tiaesmeraldas1
sw30Esmeraldas,10.10.30.1,nestleesmeraldas1
sw30Esmeraldas,10.10.30.1,industriaslacteastoniesmeraldas
sw30Esmeraldas,10.10.30.1,industriaslacteastoniesmeraldas1
sw30Esmeraldas,10.10.30.1,pacariesmeraldas
sw30Esmeraldas,10.10.30.1,cocacolaesmeraldas1
sw31Riobamba,10.11.31.1,pronacariobamba
sw31Riobamba,10.11.31.1,pacaririobamba1
sw31Riobamba,10.11.31.1,dulcaferiobamba
sw31Riobamba,10.11.31.1,arcacontinentalriobamba
sw31Riobamba,10.11.31.1,industriaslacteastoniriobamba
sw31Riobamba,10.11.31.1,cervecerianacionalriobamba1
sw31Riobamba,10.11.31.1,pronacariobamba1
sw31Riobamba,10.11.31.1,arcacontinentalriobamba1
sw31Riobamba,10.11.31.1,corporacionelrosadoriobamba
sw31Riobamba,10.11.31.1,lafabrilriobamba1
sw32Ibarra,10.12.32.1,lafabrilibarra
sw32Ibarra,10.12.32.1,arcacontinentalibarra
sw32Ibarra,10.12.32.1,modernaalimentosibarra
sw32Ibarra,10.12.32.1,lafabrilibarra1
sw32Ibarra,10.12.32.1,corporacionelrosadoibarra1
sw32Ibarra,10.12.32.1,corporacionfavoritaibarra1
sw32Ibarra,10.12.32.1,produbancogrupopromericaibarra
sw32Ibarra,10.12.32.1,industriaslacteastoniibarra
sw32Ibarra,10.12.32.1,grupodifareibarra
sw33Tulcan,10.13.33.1,cocacolatulcan2
sw33Tulcan,10.13.33.1,consorcionobistulcan
sw33Tulcan,10.13.33.1,holcimtulcan
sw33Tulcan,10.13.33.1,tiatulcan
sw33Tulcan,10.13.33.1,holcimtulcan1
sw33Tulcan,10.13.33.1,consorcionobistulcan1
sw33Tulcan,10.13.33.1,grupodifaretulcan
sw33Tulcan,10.13.33.1,cervecerianacionaltulcan
sw33Tulcan,10.13.33.1,dulcafetulcan1
sw33Tulcan,10.13.33.1,cervecerianacionaltulcan1
sw34Quevedo,10.14.34.1,dulcafequevedo1
sw34Quevedo,10.14.34.1,corporacionelrosadoquevedo
sw34Quevedo,10.14.34.1,bancopichinchaquevedo
sw34Quevedo,10.14.34.1,consorcionobisquevedo1
sw34Quevedo,10.14.34.1,cocacolaquevedo
sw34Quevedo,10.14.34.1,bancopichinchaquevedo1
sw34Quevedo,10.14.34.1,bancoguayaquilquevedo1
sw34Quevedo,10.14.34.1,nirsasaquevedo2
sw35Latacunga,10.15.35.1,arcacontinentallatacunga
sw35Latacunga,10.15.35.1,dulcafelatacunga
sw35Latacunga,10.15.35.1,corporacionfavoritalatacunga
sw35Latacunga,10.15.35.1,nestlelatacunga2
sw35Latacunga,10.15.35.1,grupodifarelatacunga
sw35Latacunga,10.15.35.1,industriaslacteastonilatacunga
sw35Latacunga,10.15.35.1,grupodifarelatacunga1
sw35Latacunga,10.15.35.1,grupodifarelatacunga2
sw35Latacunga,10.15.35.1,lafabrillatacunga1
sw35Latacunga,10.15.35.1,corporacionelrosadolatacunga
sw36Chone,10.16.36.1,pacarichone
sw36Chone,10.16.36.1,holcimchone
sw36Chone,10.16.36.1,nestlechone
sw36Chone,10.16.36.1,dulcafechone2
sw36Chone,10.16.36.1,lafabrilchone
sw36Chone,10.16.36.1,bancoguayaquilchone
sw36Chone,10.16.36.1,dulcafechone3
sw36Chone,10.16.36.1,corporacionelrosadochone
sw37Duran,10.17.37.1,modernaalimentosduran
sw37Duran,10.17.37.1,modernaalimentosduran1
sw37Duran,10.17.37.1,nestleduran
sw37Duran,10.17.37.1,bancoguayaquilduran
sw37Duran,10.17.37.1,nestleduran1
sw37Duran,10.17.37.1,arcacontinentalduran
sw37Duran,10.17.37.1,cervecerianacionalduran1
sw37Duran,10.17.37.1,lafabrilduran
sw37Duran,10.17.37.1,corporacionelrosadoduran
sw38Loja,10.18.38.1,consorcionobisloja
sw38Loja,10.18.38.1,nirsasaloja1
sw38Loja,10.18.38.1,holcimloja1
sw38Loja,10.18.38.1,cervecerianacionalloja2
sw38Loja,10.18.38.1,industriaslacteastoniloja1
sw38Loja,10.18.38.1,arcacontinentalloja2
sw38Loja,10.18.38.1,tialoja3
sw38Loja,10.18.38.1,dulcafeloja
sw39Salinas,10.19.39.1,nestlesalinas1
sw39Salinas,10.19.39.1,corporacionfavoritasalinas1
sw39Salinas,10.19.39.1,holcimsalinas
sw39Salinas,10.19.39.1,industriaslacteastonisalinas
sw39Salinas,10.19.39.1,modernaalimentossalinas1
sw39Salinas,10.19.39.1,cocacolasalinas1
sw39Salinas,10.19.39.1,bancoguayaquilsalinas
sw39Salinas,10.19.39.1,consorcionobissalinas1
sw39Salinas,10.19.39.1,bancoguayaquilsalinas1
sw40Babahoyo,10.20.40.1,dulcafebabahoyo2
sw40Babahoyo,10.20.40.1,arcacontinentalbabahoyo
sw40Babahoyo,10.20.40.1,consorcionobisbabahoyo
sw40Babahoyo,10.20.40.1,pacaribabahoyo
sw40Babahoyo,10.20.40.1,corporacionelrosadobabahoyo
sw40Babahoyo,10.20.40.1,cocacolababahoyo
sw40Babahoyo,10.20.40.1,industriaslacteastonibabahoyo
sw40Babahoyo,10.20.40.1,arcacontinentalbabahoyo1
sw40Babahoyo,10.20.40.1,nestlebabahoyo
sw41Quito,10.1.41.1,lafabrilquito2
sw41Quito,10.1.41.1,tiaquito
sw41Quito,10.1.41.1,arcacontinentalquito1
sw41Quito,10.1.41.1,corporacionelrosadoquito
sw41Quito,10.1.41.1,bancoguayaquilquito
sw41Quito,10.1.41.1,lafabrilquito3
sw41Quito,10.1.41.1,corporacionfavoritaquito1
sw41Quito,10.1.41.1,nirsasaquito1
sw41Quito,10.1.41.1,corporacionelrosadoquito1
sw42Guayaquil,10.2.42.1,dulcafeguayaquil2
sw42Guayaquil,10.2.42.1,nestleguayaquil
sw42Guayaquil,10.2.42.1,bancoguayaquilguayaquil
sw42Guayaquil,10.2.42.1,lafabrilguayaquil1
sw42Guayaquil,10.2.42.1,bancoguayaquilguayaquil1
sw42Guayaquil,10.2.42.1,corporacionfavoritaguayaquil1
sw42Guayaquil,10.2.42.1,modernaalimentosguayaquil1
sw42Guayaquil,10.2.42.1,arcacontinentalguayaquil
sw43Cuenca,10.3.43.1,industriaslacteastonicuenca
sw43Cuenca,10.3.43.1,nestlecuenca
sw43Cuenca,10.3.43.1,arcacontinentalcuenca
sw43Cuenca,10.3.43.1,produbancogrupopromericacuenca1
sw43Cuenca,10.3.43.1,modernaalimentoscuenca1
sw43Cuenca,10.3.43.1,consorcionobiscuenca3
sw43Cuenca,10.3.43.1,produbancogrupopromericacuenca2
sw43Cuenca,10.3.43.1,grupodifarecuenca
sw43Cuenca,10.3.43.1,modernaalimentoscuenca2
sw44SantoDomingo,10.4.44.1,arcacontinentalsantodomingo
sw44SantoDomingo,10.4.44.1,corporacionfavoritasantodomingo2
sw44SantoDomingo,10.4.44.1,grupodifaresantodomingo1
sw44SantoDomingo,10.4.44.1,holcimsantodomingo
sw44SantoDomingo,10.4.44.1,modernaalimentossantodomingo1
sw44SantoDomingo,10.4.44.1,lafabrilsantodomingo
sw44SantoDomingo,10.4.44.1,nirsasasantodomingo
sw44SantoDomingo,10.4.44.1,grupodifaresantodomingo2
sw45Machala,10.5.45.1,bancopichinchamachala
sw45Machala,10.5.45.1,modernaalimentosmachala1
sw45Machala,10.5.45.1,bancopichinchamachala1
sw45Machala,10.5.45.1,cervecerianacionalmachala
sw45Machala,10.5.45.1,bancopichinchamachala2
sw45Machala,10.5.45.1,pacarimachala
sw45Machala,10.5.45.1,bancoguayaquilmachala
sw45Machala,10.5.45.1,cocacolamachala
sw46Manta,10.6.46.1,grupodifaremanta1
sw46Manta,10.6.46.1,lafabrilmanta3
sw46Manta,10.6.46.1,cervecerianacionalmanta
sw46Manta,10.6.46.1,lafabrilmanta4
sw46Manta,10.6.46.1,industriaslacteastonimanta1
sw46Manta,10.6.46.1,industriaslacteastonimanta2
sw46Manta,10.6.46.1,produbancogrupopromericamanta1
sw46Manta,10.6.46.1,holcimmanta
sw46Manta,10.6.46.1,produbancogrupopromericamanta2
sw46Manta,10.6.46.1,modernaalimentosmanta
sw47Ambato,10.7.47.1,produbancogrupopromericaambato
sw47Ambato,10.7.47.1,lafabrilambato1
sw47Ambato,10.7.47.1,grupodifareambato3
sw47Ambato,10.7.47.1,pacariambato
sw47Ambato,10.7.47.1,lafabrilambato2
sw47Ambato,10.7.47.1,corporacionelrosadoambato1
sw47Ambato,10.7.47.1,arcacontinentalambato
sw47Ambato,10.7.47.1,modernaalimentosambato
sw47Ambato,10.7.47.1,nestleambato
sw48Loja,10.8.48.1,bancoguayaquilloja1
sw48Loja,10.8.48.1,modernaalimentosloja2
sw48Loja,10.8.48.1,bancopichinchaloja2
sw48Loja,10.8.48.1,dulcafeloja1
sw48Loja,10.8.48.1,produbancogrupopromericaloja1
sw48Loja,10.8.48.1,nirsasaloja2
sw48Loja,10.8.48.1,pacariloja3
sw48Loja,10.8.48.1,modernaalimentosloja3
sw48Loja,10.8.48.1,bancoguayaquilloja2
sw48Loja,10.8.48.1,tialoja4
sw49Portoviejo,10.9.49.1,bancoguayaquilportoviejo1
sw49Portoviejo,10.9.49.1,industriaslacteastoniportoviejo1
sw49Portoviejo,10.9.49.1,industriaslacteastoniportoviejo2
sw49Portoviejo,10.9.49.1,corporacionfavoritaportoviejo2
sw49Portoviejo,10.9.49.1,pacariportoviejo1
sw49Portoviejo,10.9.49.1,consorcionobisportoviejo
sw49Portoviejo,10.9.49.1,nirsasaportoviejo
sw49Portoviejo,10.9.49.1,dulcafeportoviejo2
sw49Portoviejo,10.9.49.1,pacariportoviejo2
sw50Esmeraldas,10.10.50.1,grupodifareesmeraldas2
sw50Esmeraldas,10.10.50.1,modernaalimentosesmeraldas1
sw50Esmeraldas,10.10.50.1,pronacaesmeraldas1
sw50Esmeraldas,10.10.50.1,holcimesmeraldas1
sw50Esmeraldas,10.10.50.1,bancoguayaquilesmeraldas
sw50Esmeraldas,10.10.50.1,grupodifareesmeraldas3
sw50Esmeraldas,10.10.50.1,nestleesmeraldas2
sw50Esmeraldas,10.10.50.1,consorcionobisesmeraldas1
sw50Esmeraldas,10.10.50.1,bancoguayaquilesmeraldas1
sw50Esmeraldas,10.10.50.1,industriaslacteastoniesmeraldas2
sw51Riobamba,10.11.51.1,nestleriobamba
sw51Riobamba,10.11.51.1,cocacolariobamba
sw51Riobamba,10.11.51.1,pacaririobamba2
sw51Riobamba,10.11.51.1,bancoguayaquilriobamba1
sw51Riobamba,10.11.51.1,industriaslacteastoniriobamba1
sw51Riobamba,10.11.51.1,corporacionelrosadoriobamba1
sw51Riobamba,10.11.51.1,produbancogrupopromericariobamba
sw51Riobamba,10.11.51.1,corporacionelrosadoriobamba2
sw52Ibarra,10.12.52.1,nirsasaibarra1
sw52Ibarra,10.12.52.1,pacariibarra2
sw52Ibarra,10.12.52.1,pronacaibarra
sw52Ibarra,10.12.52.1,nestleibarra1
sw52Ibarra,10.12.52.1,grupodifareibarra1
sw52Ibarra,10.12.52.1,produbancogrupopromericaibarra1
sw52Ibarra,10.12.52.1,industriaslacteastoniibarra1
sw52Ibarra,10.12.52.1,nestleibarra2
sw52Ibarra,10.12.52.1,lafabrilibarra2
sw53Tulcan,10.13.53.1,consorcionobistulcan2
sw53Tulcan,10.13.53.1,bancopichinchatulcan2
sw53Tulcan,10.13.53.1,lafabriltulcan1
sw53Tulcan,10.13.53.1,industriaslacteastonitulcan1
sw53Tulcan,10.13.53.1,grupodifaretulcan1
sw53Tulcan,10.13.53.1,arcacontinentaltulcan
sw53Tulcan,10.13.53.1,corporacionelrosadotulcan
sw53Tulcan,10.13.53.1,tiatulcan1
sw54Quevedo,10.14.54.1,produbancogrupopromericaquevedo1
sw54Quevedo,10.14.54.1,produbancogrupopromericaquevedo2
sw54Quevedo,10.14.54.1,nestlequevedo
sw54Quevedo,10.14.54.1,bancopichinchaquevedo2
sw54Quevedo,10.14.54.1,nirsasaquevedo3
sw54Quevedo,10.14.54.1,holcimquevedo
sw54Quevedo,10.14.54.1,dulcafequevedo2
sw54Quevedo,10.14.54.1,cervecerianacionalquevedo
sw55Latacunga,10.15.55.1,bancoguayaquillatacunga1
sw55Latacunga,10.15.55.1,bancoguayaquillatacunga2
sw55Latacunga,10.15.55.1,lafabrillatacunga2
sw55Latacunga,10.15.55.1,cervecerianacionallatacunga1
sw55Latacunga,10.15.55.1,grupodifarelatacunga3
sw55Latacunga,10.15.55.1,corporacionfavoritalatacunga1
sw55Latacunga,10.15.55.1,tialatacunga1
sw55Latacunga,10.15.55.1,holcimlatacunga
sw55Latacunga,10.15.55.1,arcacontinentallatacunga1
sw55Latacunga,10.15.55.1,nirsasalatacunga
sw56Chone,10.16.56.1,dulcafechone4
sw56Chone,10.16.56.1,tiachone1
sw56Chone,10.16.56.1,cocacolachone
sw56Chone,10.16.56.1,arcacontinentalchone
sw56Chone,10.16.56.1,holcimchone1
sw56Chone,10.16.56.1,holcimchone2
sw56Chone,10.16.56.1,cervecerianacionalchone1
sw56Chone,10.16.56.1,pacarichone1
sw57Duran,10.17.57.1,arcacontinentalduran1
sw57Duran,10.17.57.1,corporacionelrosadoduran1
sw57Duran,10.17.57.1,cervecerianacionalduran2
sw57Duran,10.17.57.1,lafabrilduran1
sw57Duran,10.17.57.1,lafabrilduran2
sw57Duran,10.17.57.1,corporacionelrosadoduran2
sw57Duran,10.17.57.1,holcimduran
sw57Duran,10.17.57.1,lafabrilduran3
sw57Duran,10.17.57.1,pacariduran
sw58Loja,10.18.58.1,nirsasaloja3
sw58Loja,10.18.58.1,produbancogrupopromericaloja2
sw58Loja,10.18.58.1,bancopichinchaloja3
sw58Loja,10.18.58.1,arcacontinentalloja3
sw58Loja,10.18.58.1,corporacionfavoritaloja1
sw58Loja,10.18.58.1,arcacontinentalloja4
sw58Loja,10.18.58.1,arcacontinentalloja5
sw58Loja,10.18.58.1,produbancogrupopromericaloja3
sw58Loja,10.18.58.1,grupodifareloja1
sw59Salinas,10.19.59.1,cervecerianacionalsalinas1
sw59Salinas,10.19.59.1,consorcionobissalinas2
sw59Salinas,10.19.59.1,bancoguayaquilsalinas2
sw59Salinas,10.19.59.1,dulcafesalinas
sw59Salinas,10.19.59.1,pacarisalinas
sw59Salinas,10.19.59.1,grupodifaresalinas
sw59Salinas,10.19.59.1,cocacolasalinas2
sw59Salinas,10.19.59.1,pacarisalinas1
sw59Salinas,10.19.59.1,bancoguayaquilsalinas3
sw60Babahoyo,10.20.60.1,corporacionfavoritababahoyo1
sw60Babahoyo,10.20.60.1,corporacionfavoritababahoyo2
sw60Babahoyo,10.20.60.1,arcacontinentalbabahoyo2
sw60Babahoyo,10.20.60.1,bancopichinchababahoyo2
sw60Babahoyo,10.20.60.1,lafabrilbabahoyo
sw60Babahoyo,10.20.60.1,pacaribabahoyo1
sw60Babahoyo,10.20.60.1,consorcionobisbabahoyo1
sw60Babahoyo,10.20.60.1,industriaslacteastonibabahoyo1
sw61Quito,10.1.61.1,cervecerianacionalquito1
sw61Quito,10.1.61.1,industriaslacteastoniquito1
sw61Quito,10.1.61.1,industriaslacteastoniquito2
sw61Quito,10.1.61.1,arcacontinentalquito2
sw61Quito,10.1.61.1,bancopichinchaquito1
sw61Quito,10.1.61.1,corporacionelrosadoquito2
sw61Quito,10.1.61.1,lafabrilquito4
sw61Quito,10.1.61.1,corporacionfavoritaquito2
sw61Quito,10.1.61.1,bancoguayaquilquito1
sw62Guayaquil,10.2.62.1,modernaalimentosguayaquil2
sw62Guayaquil,10.2.62.1,modernaalimentosguayaquil3
sw62Guayaquil,10.2.62.1,corporacionelrosadoguayaquil2
sw62Guayaquil,10.2.62.1,pronacaguayaquil1
sw62Guayaquil,10.2.62.1,tiaguayaquil2
sw62Guayaquil,10.2.62.1,produbancogrupopromericaguayaquil
sw62Guayaquil,10.2.62.1,corporacionelrosadoguayaquil3
sw62Guayaquil,10.2.62.1,produbancogrupopromericaguayaquil1
sw62Guayaquil,10.2.62.1,holcimguayaquil1
sw63Cuenca,10.3.63.1,consorcionobiscuenca4
sw63Cuenca,10.3.63.1,pacaricuenca1
sw63Cuenca,10.3.63.1,grupodifarecuenca1
sw63Cuenca,10.3.63.1,tiacuenca2
sw63Cuenca,10.3.63.1,nirsasacuenca2
sw63Cuenca,10.3.63.1,bancopichinchacuenca
sw63Cuenca,10.3.63.1,tiacuenca3
sw63Cuenca,10.3.63.1,cervecerianacionalcuenca1
sw64SantoDomingo,10.4.64.1,corporacionfavoritasantodomingo3
sw64SantoDomingo,10.4.64.1,consorcionobissantodomingo1
sw64SantoDomingo,10.4.64.1,holcimsantodomingo1
sw64SantoDomingo,10.4.64.1,lafabrilsantodomingo1
sw64SantoDomingo,10.4.64.1,tiasantodomingo1
sw64SantoDomingo,10.4.64.1,consorcionobissantodomingo2
sw64SantoDomingo,10.4.64.1,lafabrilsantodomingo2
sw64SantoDomingo,10.4.64.1,bancoguayaquilsantodomingo
sw64SantoDomingo,10.4.64.1,industriaslacteastonisantodomingo1
sw65Machala,10.5.65.1,pronacamachala
sw65Machala,10.5.65.1,holcimmachala1
sw65Machala,10.5.65.1,pronacamachala1
sw65Machala,10.5.65.1,arcacontinentalmachala
sw65Machala,10.5.65.1,tiamachala1
sw65Machala,10.5.65.1,corporacionfavoritamachala2
sw65Machala,10.5.65.1,pronacamachala2
sw65Machala,10.5.65.1,arcacontinentalmachala1
sw65Machala,10.5.65.1,bancoguayaquilmachala1
sw66Manta,10.6.66.1,bancoguayaquilmanta2
sw66Manta,10.6.66.1,produbancogrupopromericamanta3
sw66Manta,10.6.66.1,consorcionobismanta2
sw66Manta,10.6.66.1,pacarimanta
sw66Manta,10.6.66.1,tiamanta1
sw66Manta,10.6.66.1,cocacolamanta
sw66Manta,10.6.66.1,produbancogrupopromericamanta4
sw66Manta,10.6.66.1,nestlemanta1
sw67Ambato,10.7.67.1,nirsasaambato1
sw67Ambato,10.7.67.1,nestleambato1
sw67Ambato,10.7.67.1,dulcafeambato1
sw67Ambato,10.7.67.1,corporacionfavoritaambato1
sw67Ambato,10.7.67.1,lafabrilambato3
sw67Ambato,10.7.67.1,lafabrilambato4
sw67Ambato,10.7.67.1,grupodifareambato4
sw67Ambato,10.7.67.1,modernaalimentosambato1
sw68Loja,10.8.68.1,produbancogrupopromericaloja4
sw68Loja,10.8.68.1,lafabrilloja
sw68Loja,10.8.68.1,bancoguayaquilloja3
sw68Loja,10.8.68.1,arcacontinentalloja6
sw68Loja,10.8.68.1,bancopichinchaloja4
sw68Loja,10.8.68.1,consorcionobisloja1
sw68Loja,10.8.68.1,grupodifareloja2
sw68Loja,10.8.68.1,holcimloja2
sw68Loja,10.8.68.1,cocacolaloja3
sw69Portoviejo,10.9.69.1,tiaportoviejo
sw69Portoviejo,10.9.69.1,tiaportoviejo1
sw69Portoviejo,10.9.69.1,grupodifareportoviejo1
sw69Portoviejo,10.9.69.1,arcacontinentalportoviejo1
sw69Portoviejo,10.9.69.1,produbancogrupopromericaportoviejo2
sw69Portoviejo,10.9.69.1,nirsasaportoviejo1
sw69Portoviejo,10.9.69.1,holcimportoviejo
sw69Portoviejo,10.9.69.1,bancoguayaquilportoviejo2
sw69Portoviejo,10.9.69.1,cervecerianacionalportoviejo
sw69Portoviejo,10.9.69.1,dulcafeportoviejo3
sw70Esmeraldas,10.10.70.1,nestleesmeraldas3
sw70Esmeraldas,10.10.70.1,grupodifareesmeraldas4
sw70Esmeraldas,10.10.70.1,nestleesmeraldas4
sw70Esmeraldas,10.10.70.1,pronacaesmeraldas2
sw70Esmeraldas,10.10.70.1,lafabrilesmeraldas1
sw70Esmeraldas,10.10.70.1,corporacionfavoritaesmeraldas
sw70Esmeraldas,10.10.70.1,arcacontinentalesmeraldas
sw70Esmeraldas,10.10.70.1,consorcionobisesmeraldas2
sw70Esmeraldas,10.10.70.1,dulcafeesmeraldas
sw70Esmeraldas,10.10.70.1,bancoguayaquilesmeraldas2
sw71Riobamba,10.11.71.1,industriaslacteastoniriobamba2
sw71Riobamba,10.11.71.1,grupodifareriobamba1
sw71Riobamba,10.11.71.1,cervecerianacionalriobamba2
sw71Riobamba,10.11.71.1,modernaalimentosriobamba
sw71Riobamba,10.11.71.1,pacaririobamba3
sw71Riobamba,10.11.71.1,consorcionobisriobamba2
sw71Riobamba,10.11.71.1,tiariobamba
sw71Riobamba,10.11.71.1,corporacionfavoritariobamba1
sw71Riobamba,10.11.71.1,produbancogrupopromericariobamba1
sw71Riobamba,10.11.71.1,pacaririobamba4
sw72Ibarra,10.12.72.1,modernaalimentosibarra1
sw72Ibarra,10.12.72.1,industriaslacteastoniibarra2
sw72Ibarra,10.12.72.1,nirsasaibarra2
sw72Ibarra,10.12.72.1,tiaibarra
sw72Ibarra,10.12.72.1,cervecerianacionalibarra
sw72Ibarra,10.12.72.1,dulcafeibarra1
sw72Ibarra,10.12.72.1,produbancogrupopromericaibarra2
sw72Ibarra,10.12.72.1,dulcafeibarra2
sw72Ibarra,10.12.72.1,arcacontinentalibarra1
sw72Ibarra,10.12.72.1,nestleibarra3
sw73Tulcan,10.13.73.1,dulcafetulcan2
sw73Tulcan,10.13.73.1,consorcionobistulcan3
sw73Tulcan,10.13.73.1,bancopichinchatulcan3
sw73Tulcan,10.13.73.1,produbancogrupopromericatulcan
sw73Tulcan,10.13.73.1,cocacolatulcan3
sw73Tulcan,10.13.73.1,holcimtulcan2
sw73Tulcan,10.13.73.1,cocacolatulcan4
sw73Tulcan,10.13.73.1,nirsasatulcan1
sw73Tulcan,10.13.73.1,bancoguayaquiltulcan
sw74Quevedo,10.14.74.1,lafabrilquevedo
sw74Quevedo,10.14.74.1,produbancogrupopromericaquevedo3
sw74Quevedo,10.14.74.1,grupodifarequevedo
sw74Quevedo,10.14.74.1,nirsasaquevedo4
sw74Quevedo,10.14.74.1,corporacionelrosadoquevedo1
sw74Quevedo,10.14.74.1,dulcafequevedo3
sw74Quevedo,10.14.74.1,nestlequevedo1
sw74Quevedo,10.14.74.1,pronacaquevedo
sw75Latacunga,10.15.75.1,cervecerianacionallatacunga2
sw75Latacunga,10.15.75.1,nirsasalatacunga1
sw75Latacunga,10.15.75.1,produbancogrupopromericalatacunga
sw75Latacunga,10.15.75.1,industriaslacteastonilatacunga1
sw75Latacunga,10.15.75.1,pronacalatacunga
sw75Latacunga,10.15.75.1,grupodifarelatacunga4
sw75Latacunga,10.15.75.1,grupodifarelatacunga5
sw75Latacunga,10.15.75.1,lafabrillatacunga3
sw76Chone,10.16.76.1,arcacontinentalchone1
sw76Chone,10.16.76.1,produbancogrupopromericachone
sw76Chone,10.16.76.1,industriaslacteastonichone1
sw76Chone,10.16.76.1,cervecerianacionalchone2
sw76Chone,10.16.76.1,pacarichone2
sw76Chone,10.16.76.1,industriaslacteastonichone2
sw76Chone,10.16.76.1,cocacolachone1
sw76Chone,10.16.76.1,dulcafechone5
sw76Chone,10.16.76.1,corporacionelrosadochone1
sw76Chone,10.16.76.1,arcacontinentalchone2
sw77Duran,10.17.77.1,arcacontinentalduran2
sw77Duran,10.17.77.1,arcacontinentalduran3
sw77Duran,10.17.77.1,tiaduran2
sw77Duran,10.17.77.1,grupodifareduran1
sw77Duran,10.17.77.1,industriaslacteastoniduran2
sw77Duran,10.17.77.1,holcimduran1
sw77Duran,10.17.77.1,nirsasaduran
sw77Duran,10.17.77.1,consorcionobisduran
sw77Duran,10.17.77.1,corporacionelrosadoduran3
sw77Duran,10.17.77.1,corporacionfavoritaduran2
sw78Loja,10.18.78.1,corporacionfavoritaloja2
sw78Loja,10.18.78.1,corporacionfavoritaloja3
sw78Loja,10.18.78.1,modernaalimentosloja4
sw78Loja,10.18.78.1,corporacionfavoritaloja4
sw78Loja,10.18.78.1,modernaalimentosloja5
sw78Loja,10.18.78.1,produbancogrupopromericaloja5
sw78Loja,10.18.78.1,bancopichinchaloja5
sw78Loja,10.18.78.1,corporacionfavoritaloja5
sw79Salinas,10.19.79.1,consorcionobissalinas3
sw79Salinas,10.19.79.1,consorcionobissalinas4
sw79Salinas,10.19.79.1,dulcafesalinas1
sw79Salinas,10.19.79.1,pronacasalinas
sw79Salinas,10.19.79.1,bancopichinchasalinas1
sw79Salinas,10.19.79.1,nestlesalinas2
sw79Salinas,10.19.79.1,corporacionfavoritasalinas2
sw79Salinas,10.19.79.1,cervecerianacionalsalinas2
sw79Salinas,10.19.79.1,cocacolasalinas3
sw80Babahoyo,10.20.80.1,pronacababahoyo2
sw80Babahoyo,10.20.80.1,bancopichinchababahoyo3
sw80Babahoyo,10.20.80.1,bancopichinchababahoyo4
sw80Babahoyo,10.20.80.1,dulcafebabahoyo3
sw80Babahoyo,10.20.80.1,holcimbabahoyo1
sw80Babahoyo,10.20.80.1,modernaalimentosbabahoyo1
sw80Babahoyo,10.20.80.1,dulcafebabahoyo4
sw80Babahoyo,10.20.80.1,industriaslacteastonibabahoyo2
ro1Quito,10.1.1.1,nirsasaro1quito
ro1Quito,10.1.1.1,dulcafero1quito
ro1Quito,10.1.1.1,consorcionobisro1quito
ro1Quito,10.1.1.1,pronacaro1quito
ro1Quito,10.1.1.1,lafabrilro1quito
ro1Quito,10.1.1.1,produbancogrupopromericaro1quito
ro1Quito,10.1.1.1,modernaalimentosro1quito
ro1Quito,10.1.1.1,corporacionelrosadoro1quito
ro1Quito,10.1.1.1,nirsasaro1quito1
ro1Quito,10.1.1.1,nestlero1quito
ro2Guayaquil,10.2.1.1,cervecerianacionalro2guayaquil
ro2Guayaquil,10.2.1.1,cervecerianacionalro2guayaquil1
ro2Guayaquil,10.2.1.1,corporacionfavoritaro2guayaquil
ro2Guayaquil,10.2.1.1,pronacaro2guayaquil
ro2Guayaquil,10.2.1.1,cocacolaro2guayaquil
ro2Guayaquil,10.2.1.1,consorcionobisro2guayaquil
ro2Guayaquil,10.2.1.1,pacariro2guayaquil
ro2Guayaquil,10.2.1.1,lafabrilro2guayaquil
ro3Cuenca,10.3.1.1,bancopichincharo3cuenca
ro3Cuenca,10.3.1.1,grupodifarero3cuenca
ro3Cuenca,10.3.1.1,tiaro3cuenca
ro3Cuenca,10.3.1.1,arcacontinentalro3cuenca
ro3Cuenca,10.3.1.1,modernaalimentosro3cuenca
ro3Cuenca,10.3.1.1,produbancogrupopromericaro3cuenca
ro3Cuenca,10.3.1.1,consorcionobisro3cuenca
ro3Cuenca,10.3.1.1,industriaslacteastoniro3cuenca
ro3Cuenca,10.3.1.1,industriaslacteastoniro3cuenca1
ro3Cuenca,10.3.1.1,grupodifarero3cuenca1
ro4SantoDomingo,10.4.1.1,tiaro4santodomingo
ro4SantoDomingo,10.4.1.1,corporacionelrosadoro4santodomingo
ro4SantoDomingo,10.4.1.1,nestlero4santodomingo
ro4SantoDomingo,10.4.1.1,bancopichincharo4santodomingo
ro4SantoDomingo,10.4.1.1,nestlero4santodomingo1
ro4SantoDomingo,10.4.1.1,bancoguayaquilro4santodomingo
ro4SantoDomingo,10.4.1.1,industriaslacteastoniro4santodomingo
ro4SantoDomingo,10.4.1.1,nestlero4santodomingo2
ro4SantoDomingo,10.4.1.1,pronacaro4santodomingo
ro4SantoDomingo,10.4.1.1,produbancogrupopromericaro4santodomingo
ro5Machala,10.5.1.1,bancopichincharo5machala
ro5Machala,10.5.1.1,cervecerianacionalro5machala
ro5Machala,10.5.1.1,lafabrilro5machala
ro5Machala,10.5.1.1,grupodifarero5machala
ro5Machala,10.5.1.1,cervecerianacionalro5machala1
ro5Machala,10.5.1.1,nestlero5machala
ro5Machala,10.5.1.1,grupodifarero5machala1
ro5Machala,10.5.1.1,holcimro5machala
ro5Machala,10.5.1.1,lafabrilro5machala1
ro5Machala,10.5.1.1,lafabrilro5machala2
ro6Manta,10.6.1.1,lafabrilro6manta
ro6Manta,10.6.1.1,pronacaro6manta
ro6Manta,10.6.1.1,cervecerianacionalro6manta
ro6Manta,10.6.1.1,grupodifarero6manta
ro6Manta,10.6.1.1,industriaslacteastoniro6manta
ro6Manta,10.6.1.1,industriaslacteastoniro6manta1
ro6Manta,10.6.1.1,dulcafero6manta
ro6Manta,10.6.1.1,cocacolaro6manta
ro7Ambato,10.7.1.1,corporacionfavoritaro7ambato
ro7Ambato,10.7.1.1,bancoguayaquilro7ambato
ro7Ambato,10.7.1.1,bancopichincharo7ambato
ro7Ambato,10.7.1.1,nestlero7ambato
ro7Ambato,10.7.1.1,industriaslacteastoniro7ambato
ro7Ambato,10.7.1.1,produbancogrupopromericaro7ambato
ro7Ambato,10.7.1.1,nirsasaro7ambato
ro7Ambato,10.7.1.1,dulcafero7ambato
ro8Loja,10.8.1.1,pacariro8loja
ro8Loja,10.8.1.1,tiaro8loja
ro8Loja,10.8.1.1,nestlero8loja
ro8Loja,10.8.1.1,cervecerianacionalro8loja
ro8Loja,10.8.1.1,pacariro8loja1
ro8Loja,10.8.1.1,dulcafero8loja
ro8Loja,10.8.1.1,pacariro8loja2
ro8Loja,10.8.1.1,produbancogrupopromericaro8loja
ro8Loja,10.8.1.1,industriaslacteastoniro8loja
ro8Loja,10.8.1.1,bancoguayaquilro8loja
ro9Portoviejo,10.9.1.1,cervecerianacionalro9portoviejo
ro9Portoviejo,10.9.1.1,grupodifarero9portoviejo
ro9Portoviejo,10.9.1.1,arcacontinentalro9portoviejo
ro9Portoviejo,10.9.1.1,pacariro9portoviejo
ro9Portoviejo,10.9.1.1,bancoguayaquilro9portoviejo
ro9Portoviejo,10.9.1.1,consorcionobisro9portoviejo
ro9Portoviejo,10.9.1.1,lafabrilro9portoviejo
ro9Portoviejo,10.9.1.1,nirsasaro9portoviejo
ro9Portoviejo,10.9.1.1,nirsasaro9portoviejo1
ro10Esmeraldas,10.10.1.1,nestlero10esmeraldas
ro10Esmeraldas,10.10.1.1,produbancogrupopromericaro10esmeraldas
ro10Esmeraldas,10.10.1.1,nestlero10esmeraldas1
ro10Esmeraldas,10.10.1.1,bancopichincharo10esmeraldas
ro10Esmeraldas,10.10.1.1,modernaalimentosro10esmeraldas
ro10Esmeraldas,10.10.1.1,bancoguayaquilro10esmeraldas
ro10Esmeraldas,10.10.1.1,holcimro10esmeraldas
ro10Esmeraldas,10.10.1.1,holcimro10esmeraldas1
ro10Esmeraldas,10.10.1.1,modernaalimentosro10esmeraldas1
ro10Esmeraldas,10.10.1.1,cervecerianacionalro10esmeraldas
ro11Riobamba,10.11.1.1,corporacionfavoritaro11riobamba
ro11Riobamba,10.11.1.1,corporacionfavoritaro11riobamba1
ro11Riobamba,10.11.1.1,grupodifarero11riobamba
ro11Riobamba,10.11.1.1,nirsasaro11riobamba
ro11Riobamba,10.11.1.1,lafabrilro11riobamba
ro11Riobamba,10.11.1.1,corporacionfavoritaro11riobamba2
ro11Riobamba,10.11.1.1,arcacontinentalro11riobamba
ro11Riobamba,10.11.1.1,pronacaro11riobamba
ro11Riobamba,10.11.1.1,dulcafero11riobamba
ro11Riobamba,10.11.1.1,consorcionobisro11riobamba
ro12Ibarra,10.12.1.1,bancopichincharo12ibarra
ro12Ibarra,10.12.1.1,modernaalimentosro12ibarra
ro12Ibarra,10.12.1.1,industriaslacteastoniro12ibarra
ro12Ibarra,10.12.1.1,cervecerianacionalro12ibarra
ro12Ibarra,10.12.1.1,tiaro12ibarra
ro12Ibarra,10.12.1.1,bancopichincharo12ibarra1
ro12Ibarra,10.12.1.1,bancopichincharo12ibarra2
ro12Ibarra,10.12.1.1,dulcafero12ibarra
ro12Ibarra,10.12.1.1,nirsasaro12ibarra
ro13Tulcan,10.13.1.1,tiaro13tulcan
ro13Tulcan,10.13.1.1,corporacionelrosadoro13tulcan
ro13Tulcan,10.13.1.1,modernaalimentosro13tulcan
ro13Tulcan,10.13.1.1,corporacionelrosadoro13tulcan1
ro13Tulcan,10.13.1.1,holcimro13tulcan
ro13Tulcan,10.13.1.1,nestlero13tulcan
ro13Tulcan,10.13.1.1,pacariro13tulcan
ro13Tulcan,10.13.1.1,cervecerianacionalro13tulcan
ro14Quevedo,10.14.1.1,corporacionelrosadoro14quevedo
ro14Quevedo,10.14.1.1,corporacionelrosadoro14quevedo1
ro14Quevedo,10.14.1.1,produbancogrupopromericaro14quevedo
ro14Quevedo,10.14.1.1,bancoguayaquilro14quevedo
ro14Quevedo,10.14.1.1,bancoguayaquilro14quevedo1
ro14Quevedo,10.14.1.1,consorcionobisro14quevedo
ro14Quevedo,10.14.1.1,pacariro14quevedo
ro14Quevedo,10.14.1.1,corporacionfavoritaro14quevedo
ro15Latacunga,10.15.1.1,lafabrilro15latacunga
ro15Latacunga,10.15.1.1,nestlero15latacunga
ro15Latacunga,10.15.1.1,modernaalimentosro15latacunga
ro15Latacunga,10.15.1.1,dulcafero15latacunga
ro15Latacunga,10.15.1.1,nirsasaro15latacunga
ro15Latacunga,10.15.1.1,corporacionfavoritaro15latacunga
ro15Latacunga,10.15.1.1,lafabrilro15latacunga1
ro15Latacunga,10.15.1.1,cervecerianacionalro15latacunga
ro15Latacunga,10.15.1.1,consorcionobisro15latacunga
ro16Chone,10.16.1.1,dulcafero16chone
ro16Chone,10.16.1.1,industriaslacteastoniro16chone
ro16Chone,10.16.1.1,pacariro16chone
ro16Chone,10.16.1.1,dulcafero16chone1
ro16Chone,10.16.1.1,nestlero16chone
ro16Chone,10.16.1.1,modernaalimentosro16chone
ro16Chone,10.16.1.1,corporacionfavoritaro16chone
ro16Chone,10.16.1.1,tiaro16chone
ro17Duran,10.17.1.1,corporacionfavoritaro17duran
ro17Duran,10.17.1.1,consorcionobisro17duran
ro17Duran,10.17.1.1,holcimro17duran
ro17Duran,10.17.1.1,cocacolaro17duran
ro17Duran,10.17.1.1,grupodifarero17duran
ro17Duran,10.17.1.1,cocacolaro17duran1
ro17Duran,10.17.1.1,tiaro17duran
ro17Duran,10.17.1.1,dulcafero17duran
ro17Duran,10.17.1.1,produbancogrupopromericaro17duran
ro17Duran,10.17.1.1,tiaro17duran1
ro18Loja,10.18.1.1,grupodifarero18loja
ro18Loja,10.18.1.1,nirsasaro18loja
ro18Loja,10.18.1.1,grupodifarero18loja1
ro18Loja,10.18.1.1,pronacaro18loja
ro18Loja,10.18.1.1,pacariro18loja
ro18Loja,10.18.1.1,grupodifarero18loja2
ro18Loja,10.18.1.1,dulcafero18loja
ro18Loja,10.18.1.1,lafabrilro18loja
ro18Loja,10.18.1.1,pronacaro18loja1
ro18Loja,10.18.1.1,grupodifarero18loja3
ro19Salinas,10.19.1.1,nirsasaro19salinas
ro19Salinas,10.19.1.1,dulcafero19salinas
ro19Salinas,10.19.1.1,pacariro19salinas
ro19Salinas,10.19.1.1,corporacionfavoritaro19salinas
ro19Salinas,10.19.1.1,pronacaro19salinas
ro19Salinas,10.19.1.1,bancopichincharo19salinas
ro19Salinas,10.19.1.1,modernaalimentosro19salinas
ro19Salinas,10.19.1.1,corporacionelrosadoro19salinas
ro20Babahoyo,10.20.1.1,consorcionobisro20babahoyo
ro20Babahoyo,10.20.1.1,bancopichincharo20babahoyo
ro20Babahoyo,10.20.1.1,dulcafero20babahoyo
ro20Babahoyo,10.20.1.1,nestlero20babahoyo
ro20Babahoyo,10.20.1.1,industriaslacteastoniro20babahoyo
ro20Babahoyo,10.20.1.1,grupodifarero20babahoyo
ro20Babahoyo,10.20.1.1,consorcionobisro20babahoyo1
ro20Babahoyo,10.20.1.1,bancopichincharo20babahoyo1
ro20Babahoyo,10.20.1.1,tiaro20babahoyo
